{
  "prevalence": {
    "White": {
      "estimate": 0.140084,
      "se": 0.000489,
      "ci_low": 0.13912,
      "ci_high": 0.14105
    },
    "Black": {
      "estimate": 0.145671,
      "se": 0.000812,
      "ci_low": 0.14408,
      "ci_high": 0.14726
    },
    "AIAN": {
      "estimate": 0.130807,
      "se": 0.003559,
      "ci_low": 0.12383,
      "ci_high": 0.13778
    }
  },
  "cost_burden": {
    "White": {
      "dis_cb": 0.5473602420076623,
      "se_dis_cb": 0.0022862935870139175,
      "nondis_cb": 0.3781904358717502,
      "se_nondis_cb": 0.0008240805742525588,
      "penalty": 0.1691698061359121,
      "se_penalty": 0.0025133371666963937,
      "grpip101": 0.15682005516556505,
      "se_grpip101": 0.001555059941778897
    },
    "Black": {
      "dis_cb": 0.5630221006696563,
      "se_dis_cb": 0.0038130762377015025,
      "nondis_cb": 0.4624670550537977,
      "se_nondis_cb": 0.0014050036890897177,
      "penalty": 0.1005550456158586,
      "se_penalty": 0.004258879237254535,
      "grpip101": 0.1927494036163697,
      "se_grpip101": 0.00261765347360392
    },
    "AIAN": {
      "dis_cb": 0.48169480826889693,
      "se_dis_cb": 0.013622922754227282,
      "nondis_cb": 0.40879472075555606,
      "se_nondis_cb": 0.006336020049570193,
      "penalty": 0.07290008751334087,
      "se_penalty": 0.01395287901227973,
      "grpip101": 0.1254284071305348,
      "se_grpip101": 0.00795046407218586
    }
  }
}