{
  "dis1": {
    "White": {
      "prevalence": 0.21042672212081387,
      "dis_cb": 0.5177136920090769,
      "nondis_cb": 0.3710792436209486,
      "penalty": 0.14663444838812834,
      "total_wt": 22456511.0,
      "dis_wt": 4725450.0
    },
    "Black": {
      "prevalence": 0.20279331002697845,
      "dis_cb": 0.550990226751097,
      "nondis_cb": 0.4584913114601273,
      "penalty": 0.09249891529096971,
      "total_wt": 8457493.0,
      "dis_wt": 1715123.0
    },
    "AIAN": {
      "prevalence": 0.2070820583642485,
      "dis_cb": 0.4710319955001158,
      "nondis_cb": 0.404718484091274,
      "penalty": 0.06631351140884184,
      "total_wt": 332361.0,
      "dis_wt": 68826.0
    }
  },
  "dphy_dout": {
    "White": {
      "prevalence": 0.14008422768790754,
      "dis_cb": 0.5473602420076623,
      "nondis_cb": 0.3781904358717502,
      "penalty": 0.1691698061359121
    },
    "Black": {
      "prevalence": 0.14567070880224198,
      "dis_cb": 0.5630221006696563,
      "nondis_cb": 0.4624670550537977,
      "penalty": 0.1005550456158586
    },
    "AIAN": {
      "prevalence": 0.13080656274352287,
      "dis_cb": 0.48169480826889693,
      "nondis_cb": 0.40879472075555606,
      "penalty": 0.07290008751334087
    }
  }
}